scheduler idle,scheduler stalls,ibuffer stalls,scoreboard stalls,operands stalls,ifetches,loads,stores,ifetch latency,load latency,instrs,cycles,IPC,app,perf,arg,timestamp
10777 (89%),1 (0%),917 (7%),"1273 (10%) (alu=68%, fpu=1%, lsu=23%, csrs=7%, wctl=0%)",76 (0%),1375,535,793,18 cycles,27 cycles,4345,12060,0.360282,vecadd,1,-n16,2025-03-30T05:52:36.680679
10618 (87%),1 (0%),598 (4%),"1593 (13%) (alu=56%, fpu=2%, lsu=35%, csrs=4%, wctl=0%)",88 (0%),1540,743,857,16 cycles,17 cycles,5002,12066,0.414553,vecadd,1,-n32,2025-03-30T05:52:37.509230
11041 (86%),1 (0%),815 (6%),"2064 (16%) (alu=55%, fpu=3%, lsu=38%, csrs=3%, wctl=0%)",112 (0%),1868,1159,985,14 cycles,14 cycles,6314,12817,0.492627,vecadd,1,-n64,2025-03-30T05:52:38.344565
12128 (83%),1 (0%),1470 (10%),"3005 (20%) (alu=50%, fpu=4%, lsu=43%, csrs=1%, wctl=0%)",160 (1%),2524,1991,1241,12 cycles,12 cycles,8938,14560,0.613874,vecadd,1,-n128,2025-03-30T05:52:39.236001
12044 (87%),1 (0%),1581 (11%),"2523 (18%) (alu=43%, fpu=0%, lsu=54%, csrs=2%, wctl=0%)",140 (1%),1874,959,1041,16 cycles,23 cycles,6464,13825,0.467559,demo,1,-n16,2025-03-30T05:52:46.394880
13774 (85%),1 (0%),2960 (18%),"4145 (25%) (alu=36%, fpu=0%, lsu=62%, csrs=1%, wctl=0%)",204 (1%),2450,1471,1297,14 cycles,21 cycles,8768,16131,0.543550,demo,1,-n32,2025-03-30T05:52:46.928637
17247 (83%),1 (0%),5315 (25%),"7347 (35%) (alu=32%, fpu=0%, lsu=66%, csrs=0%, wctl=0%)",332 (1%),3602,2495,1809,13 cycles,21 cycles,13376,20756,0.644440,demo,1,-n64,2025-03-30T05:52:47.599951
20331 (77%),1 (0%),6579 (25%),"10662 (40%) (alu=34%, fpu=0%, lsu=65%, csrs=0%, wctl=0%)",588 (2%),5906,4543,2833,9 cycles,15 cycles,22592,26144,0.864137,demo,1,-n128,2025-03-30T05:52:48.417620
22793 (65%),2 (0%),2225 (6%),"12282 (35%) (alu=35%, fpu=0%, lsu=63%, csrs=0%, wctl=0%)",321 (0%),11907,12618,1752,5 cycles,8 cycles,46449,34562,1.343933,sgemm,1,-n16,2025-03-30T05:52:55.190539
86980 (54%),1 (0%),6534 (4%),"73429 (46%) (alu=29%, fpu=0%, lsu=70%, csrs=0%, wctl=0%)",1089 (0%),72643,82250,4824,3 cycles,7 cycles,289393,159485,1.814547,sgemm,1,-n32,2025-03-30T05:53:00.113523
639428 (55%),1 (0%),65432 (5%),"601130 (52%) (alu=26%, fpu=0%, lsu=73%, csrs=0%, wctl=0%)",4161 (0%),516291,590154,17112,3 cycles,8 cycles,2063985,1155581,1.786102,sgemm,1,-n64,2025-03-30T05:53:32.470913
6037940 (60%),1 (0%),343479 (3%),"5871606 (59%) (alu=26%, fpu=0%, lsu=73%, csrs=0%, wctl=0%)",16449 (0%),3896515,4456778,66264,3 cycles,11 cycles,15584881,9934317,1.568792,sgemm,1,-n128,2025-03-30T05:58:04.516613
17297 (73%),1 (0%),4237 (18%),"6893 (29%) (alu=51%, fpu=18%, lsu=28%, csrs=0%, wctl=0%)",408 (1%),6216,6798,1512,8 cycles,8 cycles,23685,23421,1.011272,sfilter,1,-n16,2025-03-30T06:08:26.232742
39495 (62%),1 (0%),15008 (23%),"27185 (42%) (alu=49%, fpu=23%, lsu=27%, csrs=0%, wctl=0%)",1640 (2%),24168,30030,4328,5 cycles,8 cycles,95493,63571,1.502147,sfilter,1,-n32,2025-03-30T06:08:28.516120
139282 (58%),1 (0%),67397 (28%),"115854 (48%) (alu=48%, fpu=23%, lsu=27%, csrs=0%, wctl=0%)",6792 (2%),99240,127182,16104,5 cycles,7 cycles,395781,238430,1.659946,sfilter,1,-n64,2025-03-30T06:08:35.796609
535843 (56%),1 (0%),267650 (28%),"473911 (50%) (alu=48%, fpu=24%, lsu=26%, csrs=0%, wctl=0%)",27848 (2%),406056,524238,64232,5 cycles,7 cycles,1623045,941807,1.723331,sfilter,1,-n128,2025-03-30T06:09:03.147716
10938 (89%),1 (0%),916 (7%),"1350 (11%) (alu=66%, fpu=1%, lsu=26%, csrs=6%, wctl=0%)",68 (0%),1371,535,792,18 cycles,28 cycles,4329,12217,0.354342,saxpy,1,-n16,2025-03-30T06:10:20.879439
11092 (88%),1 (0%),707 (5%),"1760 (14%) (alu=50%, fpu=6%, lsu=38%, csrs=4%, wctl=0%)",72 (0%),1532,743,856,16 cycles,21 cycles,4970,12532,0.396585,saxpy,1,-n32,2025-03-30T06:10:21.710296
11608 (86%),1 (0%),918 (6%),"2241 (16%) (alu=49%, fpu=6%, lsu=40%, csrs=3%, wctl=0%)",80 (0%),1852,1159,984,14 cycles,16 cycles,6250,13368,0.467534,saxpy,1,-n64,2025-03-30T06:10:22.551782
12528 (83%),1 (0%),1608 (10%),"3384 (22%) (alu=49%, fpu=5%, lsu=43%, csrs=1%, wctl=0%)",96 (0%),2492,1991,1240,12 cycles,12 cycles,8810,14928,0.590166,saxpy,1,-n128,2025-03-30T06:10:23.444410
,,,,,,,,,,,,,nearn,1,-n16,2025-03-30T06:10:31.331257
,,,,,,,,,,,,,nearn,1,-n32,2025-03-30T06:10:31.488438
,,,,,,,,,,,,,nearn,1,-n64,2025-03-30T06:10:31.644831
,,,,,,,,,,,,,nearn,1,-n128,2025-03-30T06:10:31.801933
